Quel climat politique entoure l'éducation populaire en Belgique francophone depuis 2022 ?,"Un climat tendu, marqué par des attaques du pilier libéral (bleu) contre des associations liées au pilier socialiste (rouge)."
"Dans le système de noms de code du document, qui les termes ""Rouges"" et ""Bleus"" désignent-ils respectivement ?","Les ""Rouges"" désignent les acteurs du pilier socialiste et les ""Bleus"" ceux du pilier libéral."
"Quel archétype représente ""Major Bleu"" dans l'analyse ?",Un leader politique important du camp libéral (Mouvement Réformateur).
"Quel archétype représente ""Capitaine Rouge"" dans l'analyse ?",Une représentante importante d'une association du camp socialiste.
"Lors de l'audition parlementaire de juin 2024, quel a été l'élément déclencheur de l'affrontement entre Major Bleu et Capitaine Rouge ?","Major Bleu a grossièrement interrompu Capitaine Rouge pour la questionner sur son ""attachement à un parti politique en particulier""."
Quelle a été la principale accusation de Major Bleu envers l'association de Capitaine Rouge lors de l'audition ?,Il l'a accusée d'utiliser l'argent public pour financer de manière déguisée le Parti Socialiste (PS).
Comment Capitaine Rouge a-t-elle décrit la relation de son association avec le PS ?,"Elle a affirmé que l'association est structurellement indépendante bien qu'idéologiquement proche, faisant partie de ""l'action commune socialiste""."
"Selon le document, s'attaquer à une figure de l'éducation permanente revient à jeter le discrédit sur un secteur entier, qui compte plus de _____ associations reconnues.",300
"Quelle est la mission du secteur de l'éducation permanente, que Capitaine Rouge a réaffirmée après l'incident ?","Porter un projet politique au sens noble, c'est-à-dire une vision de la société, et ce pour toutes les tendances démocratiques."
Quel narratif le camp libéral développe-t-il entre 2022 et 2023 concernant les associations de gauche ?,"Le récit d'une ""galaxie socialiste"" d'ASBL qui militeraient en réalité pour le Parti socialiste."
Quelle accusation paradoxale Major Bleu a-t-il portée contre certains mouvements antifascistes ?,"Il les a qualifiés de ""structures aux procédés fascistes""."
"En 2023, de quoi Major Bleu a-t-il accusé les campagnes des associations de lutte contre la pauvreté ?","De ""maintenir les gens dans l'assistanat""."
Quelle a été la polémique soulevée par Major Bleu lors du festival de Dour à l'été 2025 ?,"Il a accusé une ASBL de prévention de ""banaliser la consommation de drogues"" avec de l'argent public."
Quelle information factuelle Major Bleu a-t-il déformée concernant l'action de l'ASBL au festival de Dour ?,"Il a laissé entendre qu'elle distribuait massivement des kits de sniff, alors que seule une paille était remise aux personnes volontaires dans un cadre préventif."
"Après les élections de 2024, quelles mesures concrètes la nouvelle majorité MR–Engagés a-t-elle prises qui affectent le monde associatif ?","Elle a adopté un décret-programme budgétaire comportant des coupes sévères, dont environ 13 millions d'euros pour la culture et l'éducation permanente."
Comment l'opposition de gauche a-t-elle qualifié les coupes budgétaires du gouvernement MR-Engagés ?,Comme une attaque directe contre le contre-pouvoir et les associations critiques.
Quelle a été la réaction de la société civile face aux mesures d'austérité de 2025 ?,"Une mobilisation massive, incluant une manifestation de 80 000 à 140 000 personnes le 14 octobre 2025."
Quelle tactique rhétorique un député de droite a-t-il utilisée pour minimiser la manifestation d'octobre 2025 ?,"Il a déclaré entendre surtout ""le signal des millions de personnes qui n'étaient pas dans la rue"", prétendant y voir un soutien silencieux."
"Qu'est-ce que la ""pilarisation"" dans le contexte historique belge ?","La structuration de la société autour de grands piliers idéologiques (socialiste, catholique, libéral), chacun avec son propre réseau d'organisations."
"Qu'est-ce que l'""Action commune socialiste"" ?","L'écosystème d'organisations (syndicat, mutualité, associations) gravitant autour du Parti socialiste et partageant des valeurs communes."
Citez deux organisations majeures faisant partie de l'écosystème du pilier socialiste.,La FGTB (syndicat) et Solidaris (mutualité).
"Qu'est-ce qu'une ""passerelle rouge"" selon le document ?","Le passage de personnalités entre des postes de direction dans la société civile socialiste (syndicat, mutualité) et des mandats politiques au sein du PS."
"L'exemple du ""Colonel Rouge 2"" (mutualiste devenu ministre puis retourné à la mutualité) illustre le _____ entre le PS et son vivier associatif.",va-et-vient
Le pilier libéral (bleu) possède-t-il aussi son propre réseau d'organisations ?,"Oui, bien qu'il soit décrit comme moins puissant et moins nombreux que celui du pilier socialiste (ex: CGSLB, Âgo)."
"Selon l'analyse, l'affiliation historique d'une association au pilier socialiste l'empêche-t-elle d'être critique envers le PS ?","Non, le document précise que l'affiliation n'empêche pas la critique interne et l'autonomie d'action."
"Quel double objectif le Mouvement Réformateur (MR) poursuit-il en attaquant les ""satellites"" du PS ?",S'imposer comme champion de la bonne gouvernance et consolider l'aile droite de son électorat.
"Qu'est-ce que la ""loi Quintin"" proposée en 2025 ?","Un projet de loi libéral visant à permettre l'interdiction administrative d'associations qui causeraient un ""trouble à la sécurité""."
Quelle est la position du parti centriste Les Engagés vis-à-vis du monde associatif ?,"Une position plus modérée que le MR, prônant une complémentarité et une collaboration entre l'État et le secteur associatif."
Comment l'accord de majorité de 2024 entre le MR et Les Engagés reflète-t-il leurs positions divergentes sur les ASBL ?,"Le MR a obtenu une phrase musclée en proclamation, tandis que Les Engagés ont rédigé le reste du chapitre de manière plus rassurante."
"Face aux attaques libérales, quel est l'enjeu principal pour le Parti Socialiste (PS) ?","Capitaliser sur le mécontentement social en se posant en rempart face aux ""libéraux austéritaires""."
Comment la montée du PTB (gauche radicale) influence-t-elle la stratégie du PS ?,Elle pousse le PS à durcir son ton et à soutenir plus activement les mobilisations sociales pour ne pas être débordé sur sa gauche.
Tactique du pilier bleu : Interrompre un adversaire en plein débat officiel pour le déstabiliser et l'empêcher de dérouler son message.,L'interpellation agressive en forum public.
Tactique du pilier bleu : Remettre en cause l'indépendance d'une association en l'assimilant à un parti politique pour invalider son propos.,L'accusation de partialité et de politisation.
"Tactique du pilier bleu : Associer un adversaire à des termes repoussoirs comme ""extrémiste"" ou ""fasciste"" pour le discréditer moralement.",Le dénigrement par amalgames et étiquettes infamantes.
Tactique du pilier bleu : Réduire systématiquement un enjeu social à une question d'argent public gaspillé.,La focalisation sur le coût financier.
"Tactique du pilier bleu : Présenter des faits de manière biaisée, s'indigner sur cette base, quitte à corriger plus tard une fois l'émotion propagée.","La déformation et le ""fake outrange""."
"Tactique du pilier bleu : Prétendre qu'une contestation sociale est ultra-minoritaire ou ne représente pas la ""majorité silencieuse"".",La minimisation/dévalorisation de la contestation.
Tactique du pilier bleu : Utiliser le pouvoir exécutif pour couper les financements ou complexifier les règles afin d'affaiblir des structures adverses.,L'arme budgétaire et réglementaire.
"Quel est l'objectif final de la ""bataille culturelle"" menée par le pilier bleu, selon le document ?",Préparer l'opinion publique pour faire passer progressivement des lois restrictives envers le monde associatif.
Quelle est la première piste d'action proposée aux milieux associatifs pour résister aux offensives politiques ?,Rester unis et solidaires entre secteurs et piliers pour faire front commun.
"Face aux attaques jouant sur la méconnaissance du public, quelle stratégie de communication les associations doivent-elles renforcer ?","La transparence et l'information, en montrant concrètement à quoi sert le financement public."
"En plus de la mobilisation de rue, quels contre-pouvoirs institutionnels les associations sont-elles encouragées à utiliser ?","Le terrain juridique et institutionnel (saisir le Conseil d'État, interpeller les instituts des droits humains, etc.)."
Quel type de réformes internes le monde associatif est-il invité à mener pour enlever des munitions à ses adversaires ?,"Limiter le cumul de mandats, ouvrir ses instances, évaluer objectivement ses projets et moderniser sa communication."
"Selon une militante citée, quelle arme est importante face aux tentatives de découragement ?","La joie et l'enthousiasme militant, pour ne pas céder à la stratégie d'épuisement de l'adversaire."
Quel débat fondamental les tensions politiques autour de l'éducation populaire remettent-elles sur la place publique ?,Le débat sur le modèle de démocratie souhaité : confinée aux élus ou vivante avec des contre-pouvoirs citoyens organisés.
Quel était le contexte de l'audition de juin 2024 avant l'intervention de Major Bleu ?,"Un esprit a priori constructif, où les échanges étaient ""sereins et courtois""."
"En Belgique, l'éducation populaire s'inscrit dans la continuité des mouvements _____ et vise l'émancipation citoyenne.",ouvriers
"Quel organisme de presse a rapporté l'incident de l'audition sous le titre ""Le MR remet en cause l'éducation permanente..."" ?",RTL Info (via l'agence Belga).
Quel est le nom de l'association d'éducation permanente libérale citée en exemple ?,Âgo.
"Quel est le nom du syndicat chrétien et du mouvement ouvrier chrétien, faisant partie du pilier social-chrétien ?",La CSC (syndicat) et le MOC (mouvement).
"Quel argument est utilisé par le pilier bleu pour justifier l'existence de ""passerelles rouges"" ?","Elles alimentent un discours de suspicion sur un ""clan socialiste"", une confusion des genres ou un ""État PS""."
"Le document suggère que l'offensive du pilier bleu a eu un mérite involontaire, lequel ?",Celui de remettre sur la place publique le débat sur le rôle des associations et des contre-pouvoirs dans la démocratie.
"En réaction à la stigmatisation, quelle a été la position des fédérations d'employeurs du non-marchand comme la FESEFA ?",Elles ont dénoncé la présentation du secteur comme un poids et rappelé son apport au bien commun.
L'initiative de créer un Observatoire des Libertés Associatives (OLA) vise à surveiller les législations et à ____ en cas de dérapage.,alerter
Quelle coalition gouvernementale a été formée en Wallonie/FWB après les élections de 2024 ?,"Une coalition MR–Engagés, sans les socialistes."
Qu'est-ce qui a été tourné en ridicule par les commentateurs après la grande manifestation de 2025 ?,Le procédé orwellien d'un député prétendant que l'absence de millions de personnes dans la rue valait soutien au gouvernement.
Quel est le nom de l'association d'éducation permanente liée au syndicat FGTB ?,Le CEPAG (Centre d'Éducation Populaire André Genot).
"Quelle association culturelle, citée à plusieurs reprises comme une cible du MR, fait partie du pilier socialiste ?",PAC (Présence et Action Culturelles).
"L'incident du festival de Dour illustre la stratégie du coup d'éclat médiatique, qui recentre le débat sur _____ et la morale, au détriment des faits.",l'émotion
En quoi l'accusation de Major Bleu sur le financement du PS est-elle une tactique de dévoiement du débat ?,Elle évite de discuter du fond (le travail de l'ASBL) pour se concentrer sur son étiquette politique supposée.
Pourquoi la tactique de focalisation sur le coût financier est-elle considérée comme populiste et efficace ?,"Car elle exploite la morale fiscale et il est toujours difficile de justifier des subventions face à l'argument du ""contribuable floué""."
"La conclusion affirme que c'est dans _____ que se renforcent les solidarités, suggérant que la période 2022-2025 pourrait être un électrochoc salutaire.",l'adversité