NOM_ASSOCIATION;Sigle;RECONNAISSANCE;AXES;ADRESSE;C.P.;LOCALITE;TEL.;FAX;E.MAIL;Site Web
Abracadabus;;DECRET 2003;1;RUE SAINT-CHRISTOPHE  38;1000;BRUXELLES;02/513 75 35;;abracadabus@skynet.be;www.abracadabus.net
ACRF - Femmes en Milieu rural;ACRF;DECRET 2003;1 + 3;RUE M. JAUMAIN  15;5330;ASSESSE;083/65 51 92;083/65 62 56;contact@acrf.be;www.acrf.be
Action et Recherche culturelles;ARC;DECRET 2003;1 + 3;RUE DE L'ASSOCIATION  20;1000;BRUXELLES;02/219 68 88;02/219 39 72;direction@arc-culture.be;www.arc-culture.be
Action mondiale pour la Solidarité;AMONSOLI;DECRET 2003;1;RUE AUX LAINES  22;4800;VERVIERS;087/42 05 36;;amonsoli@outlook.com;www.amonsoli.be
Action Vivre ensemble;AVE;DECRET 2003;1 + 3;RUE DU GOUVERNEMENT PROVISOIRE  32;1000;BRUXELLES;02/227 66 80;02/217 32 59;info@vivre-ensemble.be;www.vivre-ensemble.be
Actions Consommateurs Travailleurs;achACT;DECRET 2003;3 + 4;RUE NANON  98;5000;NAMUR;010/45 75 27;;achacteurs@achact.be;www.achact.be
Agence Alter;;DECRET 2003;3;RUE GUILLAUME TELL  57;1060;BRUXELLES;02/541 85 20;02/231 15 59;alter@alter.be;www.alter.be
Ages et Transmissions;;DECRET 2003;1;RUE BELLIARD  20/3;1040;BRUXELLES;02/514 45 61;;info@agesettransmissions.be;www.agesettransmissions.be
Agir pour la Paix;;DECRET 2003;1;RUE VAN ELEWIJCK  35;1050;BRUXELLES;02/648 52 20;02/646 87 92;info@agirpourlapaix.be;www.agirpourlapaix.be
Âgo;;DECRET 2003;1;RUE DE LIVOURNE  25;1050;BRUXELLES;02/538 10 48;02/542 87 45;info@ago-asbl.be;www.ago-asbl.be
Ag'y Sont;;DECRET 2003;1;RUE JEANNE D'ARC  59/46;7500;TOURNAI;069/84 85 86;069/84 85 86;info@agysont.be;www.agysont.be
Aide et Reclassement;;DECRET 2003;1;RUE RIOUL  22;4500;HUY;085/21 45 83 ;085/23 28 10;info@aideetreclassement.be;www.aideetreclassement.be
Altéo - Mouvement social de Personnes malades valides et handicapées;ALTEO;DECRET 2003;1 + 4;CHAUSSEE DE HAECHT  579/40;1031;BRUXELLES;02/246 42 26;02/246 48 21;alteo@mc.be;www.alteoasbl.be
Amis de la Fagne (Les);;DECRET 2003;1;PLACE DE PETIT-RECHAIN  1;4800;VERVIERS;010/61 48 50;;info@amisdelafagne.be;www.amisdelafagne.be
Amis de la Terre (Les) - Belgique;;DECRET 2003;1;RUE NANON  98;5000;NAMUR;081/39 06 39;081/39 06 38;contact@amisdelaterre.be;www.amisdelaterre.be
Amnesty International - Belgique francophone;AIBF;DECRET 2003;1 + 4;CHAUSSEE DE WAVRE  169;1050;BRUXELLES;02/538 81 77;02/537 37 29;amnesty@amnesty.be;www.amnesty.be
Aquilone (L') - Centre interculturel;;DECRET 2003;1;BOULEVARD SAUCY  25;4020;LIEGE;;;aquiloneinfo@gmail.com;www.aquilone.be
Arab Women'S Solidarity Association;AWSA-BE;DECRET 2003;3;AVENUE DE L'ETERNITE  6;1070;BRUXELLES;02/229 38 10;02/229 38 01;awsabe@gmail.com;www.awsa.be
Article 27;;DECRET 2003;1 + 3;RUE DE LA SENNE  81;1000;BRUXELLES;02/646 30 28;02/646 59 36;bruxelles@article27.be;www.article27.be
ASBL Joseph Swinnen;;DECRET 2003;1;RUE DU PONT DE L'AVENUE  35;1000;BRUXELLES;02/203 56 13;02/201 67 29;coordination@swinnen-asbl.be;
Association belgo-palestinienne;;DECRET 2003;4;RUE DES PALAIS  154;1030;BRUXELLES;02/223 07 56;02/250 12 63;info@abp-wb.be;www.association-belgo-palestinienne.be
Association culturelle Joseph Jacquemotte;ACJJ;DECRET 2003;1 + 3;RUE JULIEN LAHAUT  11;6020;DAMPREMY;;;info.acjj@gmail.com;www.acjj.be
Association des Comités de Quartiers ucclois;ACQU;DECRET 2003;1;RUE DES BIGARREAUX  34;1180;BRUXELLES;02/374 97 03;;acqu.asbl@gmail.com;www.acqu.be
Association des Habitants de Louvain-la-Neuve;AHLL;DECRET 2003;1;SCAVEE DU BIEREAU  3;1348;LOUVAIN-LA-NEUVE;010/45 29 12;010/45 29 12;info@ahlln.be;www.ahlln.be
Association des Parents d'Enfants déficients auditifs francophones;APEDAF;DECRET 2003;4;RUE DE PICARDIE  43;1140;BRUXELLES;02/644 66 77;02/640 20 44;info@apedaf.be;www.apedaf.be
Association d'Information, d'Aide et d'Education sociale et culturelle pour la Femme - Infor-Femmes;ADIF;DECRET 2003;1;RUE DU CHIMISTE  34-36;1070;BRUXELLES;02/529 03 74;;info@inforfemmes.be;www.inforfemmes.be
Association interculturelle de l'Europe de l'Est en Belgique - Harmonie;AIRBE;DECRET 2003;1;GRAND' RUE  95;7000;MONS;065/56 91 97;;info@airbeharmonie.be;airbeharmonie.be
Association Marcel Hicter pour la Démocratie culturelle;;DECRET 2003;3;AVENUE MAURICE  1;1050;BRUXELLES;02/641 89 80;02/641 89 81;contact@fondation-hicter.org;www.fondation-hicter.org
Association pour la Taxation des Transactions financières pour l'Aide aux Citoyens - Bruxelles 2;ATTAC Bxl 2;DECRET 2003;1;RUE DES PALAIS  154;1030;BRUXELLES;;;admin@attac.be;bxl2.attac.be
Association pour la Taxation des Transactions financières pour l'Aide aux Citoyens - Liège;ATTAC;DECRET 2003;1;RUE DU PLOPE  184;4041;HERSTAL;04/349 19 02;04/349 01 44;info@liege.attac.be;www.attacliege.be
Association pour le Droit des Etrangers;ADDE;DECRET 2003;3;RUE DU BOULET  22;1000;BRUXELLES;02/227 42 42;02/227 42 44;accueil@adde.be;www.adde.be
Association pour une Fondation Travail-Université;FTU;DECRET 2003;3;CHAUSSEE DE HAECHT  579/50;1031;BRUXELLES;02/246 38 51;;info@ftu.be;www.ftu.be
Association professionnelle des Métiers de la Création / SmartBe;;DECRET 2003;3;RUE EMILE FERON 70;1060;BRUXELLES;02/542 10 80;02/420 52 93;coop@smart.coop;www.smartbe.be
Association provinciale des Seniors du Luxembourg;;DECRET 2003;1;PLACE COMMUNALE  21-25;6800;LIBRAMONT;061/61 29 26;061/61 29 26;seniorlux@skynet.be;
ATD Quart-Monde Wallonie-Bruxelles;ATD;DECRET 2003;1;AVENUE VICTOR JACOBS  12;1040;BRUXELLES;02/647 99 00;02/640 73 84;contact@atd-quartmonde.be ;www.atd-quartmonde.be
Atelier (L');;DECRET 2003;1;EN CHAROTTE  20/1;6940;BARVAUX;0473/66 45 99;;atelier.cec@skynet.be;www.atelier-cec.org
Atelier de Recherche et d'Action urbaines;ARAU;DECRET 2003;1 + 3;RUE DU MIDI  165/2;1000;BRUXELLES;02/219 33 45;02/219 86 75;info@arau.org;www.arau.org
Atelier d'Education permanente pour Personnes incarcérées;ADEPPI;DECRET 2003;1;CHAUSSEE D'ALSEMBERG  303/3/1;1190;BRUXELLES;02/223 47 02;02/223 47 03;info@adeppi.be;www.adeppi.be
Atelier des Droits sociaux;;DECRET 2003;3;RUE DE LA PORTE ROUGE  4;1000;BRUXELLES;02/512 02 13;02/512 76 68;secretariat@ladds.be;www.ladds.be
Ateliers du Soleil;;DECRET 2003;1;RUE DE PAVIE  53;1000;BRUXELLES;02/736 78 95;02/215 58 60;direction@ateliersdusoleil.be;www.ateliersdusoleil.be
Ateliers Paysans-Artisans;APA;DECRET 2003;1;RUE CELESTIN HASTIR  107;5150;FLOREFFE;;;ateliers@paysans-artisans.be;www.paysans-artisans.be
"Autre ""Lieu"" (L') - Recherche-Action sur la Psychiatrie et les Alternatives";RAPA;DECRET 2003;1 + 4;RUE DE LA CLE  5;1000;BRUXELLES;02/230 62 60;02/230 47 62;info@autrelieu.be;www.autrelieu.be
Bamko;;DECRET 2003;3;RUE DE LA CLINIQUE  21;1070;BRUXELLES;;;bamko.asbl@gmail.com;www.bamko.org
Barricade - Culture d'Alternatives;;DECRET 2003;1 + 3;RUE PIERREUSE  19-21;4000;LIEGE;04/222 06 22;;info@barricade.be;www.barricade.be
Barricade (La);;DECRET 2003;1;RUE JOSAPHAT  33;1210;BRUXELLES;02/219 69 96;;labarricade@skynet.be;www.labarricade.be
Bataclan (Le);;DECRET 2003;1;RUE DU PAVILLON  7-9/7A;1030;BRUXELLES;02/646 30 13;;info@bataclan.be;www.bataclan.be
BePax;;DECRET 2003;1 + 3;CHAUSSEE SAINT-PIERRE  208;1040;BRUXELLES;02/896 95 00;;info@bepax.org;www.bepax.org
Bobine (La);;DECRET 2003;1;AVENUE GEORGES TRUFFAUT  18;4020;LIEGE;04/342 94 49;04/342 86 45;info@labobine.be;www.labobine.be
Bouillon de CultureS;;DECRET 2003;1;RUE PHILOMENE  41;1030;BRUXELLES;02/210 94 20;02/223 73 95;projets@bouillondecultures.be;www.bouillondecultures.be
Bruxelles Nous Appartient;BNA-BBOT;DECRET 2003;3;RUE DE LAEKEN  119;1000;BRUXELLES;02/223 21 51;02/223 21 52;any@bna-bbot.be;www.bna-bbot.be
Cactus (Le);;DECRET 2003;1;RUE VAN LINT  16;1070;BRUXELLES;02/521 48 10;02/523 04 17;lecactus.info@skynet.be;
Canopea;;DECRET 2003;1 + 3;BOULEVARD E. MELOT  5/12;5000;NAMUR;081/39 07 50;;info@canopea.be;www.canopea.be
Carrefour des Cultures;;DECRET 2003;1;AVENUE CARDINAL MERCIER  40;5000;NAMUR;081/41 27 51;;info@carrefourdescultures.org;www.carrefourdescultures.org
Ceinture Aliment-Terre liégeoise;CATL;DECRET 2003;1;AVENUE DE JUPILLE  16b;4020;LIEGE;04/223 15 51;;info@catl.be;www.catl.be
Centre Avec;;DECRET 2003;1 + 3;RUE MAURICE LIETART  31/4;1150;BRUXELLES;02/738 08 28;02/738 08 16;secretariat@centreavec.be;www.centreavec.be
Centre bruxellois d'Action Interculturelle;CBAI;DECRET 2003;3;AVENUE DE STALINGRAD  24;1000;BRUXELLES;02/513 96 02;02/512 17 96;info@cbai.be;www.cbai.be
Centre communautaire laïc juif;CCLJ;DECRET 2003;1 + 3;RUE HOTEL DES MONNAIES  52;1060;BRUXELLES;02/543 02 70;02/543 02 71;info@cclj.be ;www.cclj.be
Centre culturel arabe en Pays de Liège;CCAPL;DECRET 2003;1;RUE BELVAUX  128;4030;LIEGE;04/342 78 84;04/342 78 84;info@ccapl.be;www.ccapl.be
Centre culturel Le Réverbère;;DECRET 2003;1;CENTRE  2;4890;CLERMONT;087/44 68 06 ;;;www.lereverbere.be
Centre d'Accueil, de Rencontre, d'Insertion et d'Animation;CARIA;DECRET 2003;1;RUE HAUTE  135;1000;BRUXELLES;02/513 00 14;02/511 02 12;caria135@skynet.be;www.asblcaria.be
Centre d'Action laïque;CAL;DECRET 2003 (Mvt);"Mouv. (1;3;4)";BOULEVARD DE LA PLAINE - CAMPUS DE LA PLAINE / ULB CP 236;1050;BRUXELLES;02/627 68 11;02/627 68 01;cal@laicite.net;www.laicite.be
Centre d'Action sociale italien - Université ouvrière;CASI-UO;DECRET 2003;1;RUE SAINT-GUIDON  94;1070;BRUXELLES;02/521 21 25;02/521 21 25;casi-uo@skynet.be;www.casi-uo.com
Centre d'Animation et de Recherche en Histoire ouvrière et populaire;CARHOP;DECRET 2003;3;AVENUE DE LA HOUSSIERE 80;7090;BRAINE-LE-COMTE;067/48 58 61;067/55 72 34;info@carhop.be;www.carhop.be
Centre de Développement et d'Animation schaerbeekois;CEDAS;DECRET 2003;1;RUE VERTE  210;1030;BRUXELLES;02/242 20 83;02/242 20 83;cedas.asbl@gmail.com;www.cedasasbl.be
Centre de Dynamique des Groupes et d'Analyse institutionnelle;CDGAI;DECRET 2003;3;LIEGE SCIENCE PARK - RUE BOIS SAINT-JEAN  9;4102;SERAING;04/366 06 63;04/366 06 68;info@cdgai.be;www.cdgai.be
Centre de Formation Cardijn;CEFOC;DECRET 2003;1 + 3;RUE SAINT-NICOLAS  84;5000;NAMUR;081/23 15 22;081/23 15 22;info@cefoc.be;www.cefoc.be
Centre de Formation pour le Développement et la Solidarité internationale;ITECO;DECRET 2003;2;RUE RENKIN  2;1030;BRUXELLES;02/243 70 30;02/245 39 29;iteco@iteco.be;www.iteco.be
Centre de Prévention des Violences conjugales et familiales;CPVCF;DECRET 2003;1;RUE DES COLONIES  11;1000;BRUXELLES;02/539 27 44;02/534 49 46;info@cpvcf.org;www.cpvcf.org
Centre de Recherche et de Rencontre;CRR;DECRET 2003;1;RUE PUITS EN SOCK  63;4020;LIEGE;04/342 57 76;;crrliege63@gmail.com;crrliege.wordpress.com
Centre de Recherche et d'Information socio-politiques;CRISP;DECRET 2003;3;PLACE QUETELET  1A;1210;BRUXELLES;02/211 01 80;02/219 79 34;info@crisp.be;www.crisp.be
Centre d'Education populaire André Genot;CEPAG;DECRET 2003 (Mvt);"Mouv. (1;2;3;4)";RUE DE NAMUR  47;5000;BEEZ;081/26 51 52;081/26 51 51;cepag@cepag.be;www.cepag.be
Centre d'Etudes Jacques Georgin;CEG;DECRET 2003;3;CHAUSSEE DE CHARLEROI  127;1060;BRUXELLES;02/533 30 16;;;www.cejg.be
Centre d'Expertise et de Ressources pour l'Enfance;CERE;DECRET 2003;3;RUE DE LA POSTE  105;1030;BRUXELLES;02/333 46 10;02/333 46 19;info@cere-asbl.be;www.cere-asbl.be
Centre d'Information et d'Education populaire du M.O.C.;CIEP MOC;DECRET 2003 (Mvt);"Mouv. (1;2;3;4)";CHAUSSEE DE HAECHT  579 / BP 50;1031;BRUXELLES;02/246 38 43;02/246 38 25;communautaire@ciep.be;www.ciep.be
Centre féminin d'Education permanente;CFEP;DECRET 2003;1;RUE DU MERIDIEN  10;1210;BRUXELLES;02/229 38 42;;info@cfep.be;www.cfep.be
Centre Femmes / Hommes Verviers;;DECRET 2003;1;RUE DE HODIMONT   44;4800;VERVIERS;087/33 18 76;087/63 29 82;info@cfhv.be ;www.cfhv.be
Centre Franco Basaglia;CFB;DECRET 2003;3;CHAUSSEE DES PRES  42-44;4020;LIEGE;04/227 02 58;04/227 02 97;educationpermanente@psychiatries.be;www.psychiatries.be
Centre hervien d'Animation culturelle;CHAC;DECRET 2003;1;PLACE DE L'HOTEL DE VILLE  18;4650;HERVE;087/66 09 07;087/66 09 07;info@chac.be;www.chac.be
Centre Jean Gol;CJG;DECRET 2003;3;AVENUE DE LA TOISON D'OR   84-86;1060;BRUXELLES;02/500 50 41;;;www.cjg.be
Centre libéral d'Action et de Réflexion sur l'Audiovisuel;CLARA;DECRET 2003;1 + 3;BOULEVARD BAUDOUIN  8;1000;BRUXELLES;02/203 94 44;;contact@clara.be;www.clara.be
Centre national de Coopération au Développement;CNCD;DECRET 2003;1 + 3;QUAI DU COMMERCE  9;1000;BRUXELLES;02/250 12 30;;cncd@cncd.be;www.cncd.be
Centre permanent pour la Citoyenneté et la Participation;CPCP;DECRET 2003;1 + 3;AVENUE DES ARTS  50/6;1000;BRUXELLES;02/318 44 33;;info@cpcp.be;www.cpcp.be
Centre Placet;;DECRET 2003;1;RUE DES SPORTS  2;1348;LOUVAIN-LA-NEUVE;010/47 46 92;;info@placet.be;www.placet.be
Centre polyculturel Résistances;CP-CR;DECRET 2003;1;JONRUELLE  11-15;4000;LIEGE;04/227 54 19;;info@cpcr.be;www.cpcr.be
Centre pour la Formation et l'Intervention psycho-sociologiques;CFIP;DECRET 2003;2;AVENUE GRIBAUMONT  153;1200;BRUXELLES;02/770 50 48;02/772 67 84;secretariat@cfip.be;www.cfip.be
Centre régional du Libre Examen de Bruxelles;Librex;DECRET 2003;1;RUE COENRAETS  66;1060;BRUXELLES;02/538 19 42;;info@centrelibrex.be;centrelibrex.be
Centre socialiste d'Education permanente;CESEP;DECRET 2003;2 + 3;RUE DE CHARLEROI  47;1400;NIVELLES;067/89 08 70;067/21 00 97;administration@cesep.be;www.cesep.be
Centre tricontinental;CETRI;DECRET 2003;3;AVENUE SAINTE-GERTRUDE  5;1348;LOUVAIN-LA-NEUVE;010/48 95 60;010/48 95 69;cetri@cetri.be;www.cetri.be
Centre Vidéo de Bruxelles;CVB;DECRET 2003;1 + 3;RUE DE LA POSTE  111;1030;BRUXELLES;02/221 10 50;02/221 10 51;info@cvb.be;cvb.be
Centres d'Entraînement aux Méthodes d'Education active;CEMEA;DECRET 2003;2;AVENUE DE LA PORTE DE HAL  39/3;1060;BRUXELLES;02/543 05 90;02/543 05 99;education-permanente@cemea.be;www.cemea.be
Cercle du Laveu;;DECRET 2003;1;RUE DES ACACIAS  24;4000;LIEGE;0497/26 07 08;;contact@cercledulaveu.info;www.cercledulaveu.be
Cercle du Libre Examen de l'ULB;;DECRET 2003;1;AVENUE PAUL HEGER  22  CP166;1000;BRUXELLES;02/650 37 65;02/647 56 65;cercle@librexulb.be;www.librex.be
Cercles des Naturalistes de Belgique;CNB;DECRET 2003;1 + 2;RUE DES ECOLES  21;5670;VIERVES-SUR-VIROIN;060/39 98 78;060/39 94 36;info@cercles-naturalistes.be;www.cercles-naturalistes.be
Changements pour l'Egalité;Cgé;DECRET 2003;1 + 3;RUE DES PALAIS  154;1030;BRUXELLES;02/218 34 50;02/218 49 67;info@changement-egalite.be;www.changement-egalite.be
Collectif Alpha;;DECRET 2003;1 + 3;RUE DE ROME  12;1060;BRUXELLES;02/538 36 57;02/538 27 44;info@collectif-alpha.be;www.collectif-alpha.be
Collectif contre les Violences familiales et l'Exclusion;CVFE;DECRET 2003;1 + 3;RUE MAGHIN  11;4000;LIEGE;04/221 60 69;;cvfe@cvfe.be;www.cvfe.be
Collectif des Femmes;;DECRET 2003;1;RUE DES SPORTS  19;1348;LOUVAIN-LA-NEUVE;010/47 47 69;;info@collectifdesfemmes.be ;www.collectifdesfemmes.be
Collectif Formation Société;CFS;DECRET 2003;2 + 3;RUE DE LA VICTOIRE  26;1060;BRUXELLES;02/543 03 03;02/543 03 09;info@cfsasbl.be;www.ep.cfsasbl.be
Collectif Solidarité contre l'Exclusion;CSCE;DECRET 2003;3;CHAUSSEE DE HAECHT  51;1210;BRUXELLES;02/535 93 50;02/535 93 59;info@asbl-csce.be;www.asbl-csce.be
Comité de la Samaritaine;;DECRET 2003;1;RUE DE LA SAMARITAINE  41;1000;BRUXELLES;02/513 06 26;02/513 06 26;coordinationsamaritaine@gmail.com;www.comitedelasamartaine.be
Comité pour l'Abolition des Dettes illégitimes;CADTM;DECRET 2003;1 + 3;RUE JONFOSSE  8;4000;LIEGE;0460/97 96 80;;info@cadtm.org;www.cadtm.org
Commission Justice & Paix - Belgique francophone;CJP;DECRET 2003;1 + 3;CHAUSSEE SAINT-PIERRE  208;1040;BRUXELLES;02/896 95 00;;info@justicepaix.be;www.justicepaix.be
Coopération Education Culture;CEC ONG;DECRET 2003;1;RUE DU GRAND HOSPICE 7 (local A17);1000;BRUXELLES;02/217 90 71;;info@cec-ong.org;www.cec-ong.org
Coordination des ONG pour les Droits de l'Enfant;CODE;DECRET 2003;3;AVENUE EMILE DE BECO  109;1050;BRUXELLES;02/223 75 00;;info@lacode.be;www.lacode.be
Coordination et Initiatives pour Réfugiés et Etrangers;CIRE;DECRET 2003;1 + 3;RUE DU VIVIER   80-82;1050;BRUXELLES;02/629 77 10;02/629 77 33;cire@cire.be;www.cire.be
Corps écrits;;DECRET 2003;3;PLACE GALILEE  6;1348;LOUVAIN-LA-NEUVE;010/47 28 61;;info@corps-ecrits.be;www.corps-ecrits.be
Couples et Familles;;DECRET 2003;3;RUE BASSE MARCELLE  26;5000;NAMUR;081/45 02 99;;info@couplesfamilles.be ;www.couplesfamilles.be
Création chez les Handicapés mentaux;CREAHM;DECRET 2003;1;QUAI SAINT-LEONARD  6;4000;LIEGE;04/227 23 28;;direction@creahm.be;www.creahm.be
Culture & Démocratie;;DECRET 2003;3;RUE COENRAETS  72;1060;BRUXELLES;02/502 12 15;;info@cultureetdemocratie.be;www.cultureetdemocratie.be
Culture & Développement ;C&D;DECRET 2003;1;RUE DU BEAU MUR  50;4030;LIEGE;04/358 04 27;;coordination@cultureetdeveloppement.be;www.cultureetdeveloppement.be
Cultures & Santé;;DECRET 2003;3;RUE D'ANDERLECHT  148;1000;BRUXELLES;02/558 88 10;02/520 51 04;info@cultures-sante.be;www.cultures-sante.be
Début des Haricots (Le);;DECRET 2003;1;RUE DE LA CROIX DE PIERRE  85;1060;BRUXELLES;02/644 07 77;;ledebut@haricots.org;www.haricots.org
Défense des Enfants International - Belgique;DEI;DECRET 2003;3 + 4;RUE MARCHE-AUX-POULETS  30;1000;BRUXELLES;02/203 79 08;02/209 61 60;info@defensedesenfants.be;www.defensedesenfants.be
Dominos la Fontaine;;DECRET 2003;1;RUE DE LA STATION  25;5500;DINANT;;;lafontaineasbl@hotmail.be;www.unlabo.net/dominoslafontaine/
D'Une Certaine Gaieté;;DECRET 2003;1 + 3;BOULEVARD DE LA SAUVENIERE  97;4000;LIEGE;04/222 12 46;04/223 21 26;info@d1cg.org;www.d1cg.org
éclosio;;DECRET 2003;1;PASSAGE DES DEPORTES  2;5030;GEMBLOUX;081/62 25 75;081/60 00 22;info@eclosio.ong;www.eclosio.ong
Ecoconso;;DECRET 2003;4;RUE NANON  98;5000;NAMUR;081/73 07 30;081/39 07 90;info@ecoconso.be;www.ecoconso.be
Ecole paysanne indépendante;EPI;DECRET 2003;1;RUE D'HANNUT  181;5021;BONINNE;060/51 21 11;;;lemap.be/L-EPI-ecole-paysanne-independante
Ecomusée du Pays des Collines;;DECRET 2003;1;RUE PLADA  6;7890;ELLEZELLES;068/64 51 55;068/45 67 37;info@ecomusee.eu;www.ecomusee.eu
Ecotopie - Laboratoire d'Ecopédagogie;;DECRET 2003;2;RUE FUSCH  3;4000;LIEGE;04/366 38 18;04/366 29 24;info@ecotopie.be;www.ecotopie.be
Education Environnement;;DECRET 2003;2;RUE FUSCH  3;4000;LIEGE;04/250 75 10;;info@education-environnement.be ;www.education-environnement.be
Education Santé Société;ESS;DECRET 2003;1;RUE REMPART DES MOINES  78;1000;BRUXELLES;02/371 31 11;;ess.asbl@croix-rouge.be;www.ess-asbl.be
Emancipe;;DECRET 2003;2;RUE LUTHER  52;1000;BRUXELLES;02/315 79 26;;info@emancipe.be;www.emancipe.be
Enéo;;DECRET 2003 (Mvt);"Mouv. (1;3;4)";CHAUSSEE DE HAECHT  579/50;1031;BRUXELLES;02/246 46 70;02/246 46 77;info@eneo.be;www.eneo.be
Energie commune;;DECRET 2003;4;RUE FERNAND BERNIER, 15;1060;BRUXELLES;02/218 78 99;;info@energiecommune.be;www.energiecommune.be
Entr'Ages;;DECRET 2003;1;BOULEVARD DE LA REVISION  38;1070;BRUXELLES;02/544 17 87;02/544 17 88;info@entrages.be;www.entrages.be
Entraide et Fraternité;;DECRET 2003;3;RUE DU GOUVERNEMENT PROVISOIRE  32;1000;BRUXELLES;02/640 84 17;;info@entraide.be;www.entraide.be
Equipes populaires (Les);EP;DECRET 2003 (Mvt);"Mouv. (1;3;4)";RUE DU LOMBARD  8/2;5000;NAMUR;081/73 40 86;081/74 28 33;secretariat@equipespopulaires.be;www.equipespopulaires.be
Esenca;;DECRET 2003;3 + 4;RUE SAINT-JEAN  32-38;1000;BRUXELLES;02/515.02.65;;esenca@solidaris.be;www.esenca.be
Esenca- Liège;;DECRET 2003;1;RUE DOUFFET  36;4020;LIEGE;04/341 63 06;;esenca.liege@solidaris.be;www.esenca.be
Esenca - Namur-Philippeville;;DECRET 2003;1;CHAUSSEE DE WATERLOO  182;5002;SAINT-SERVAIS;071/66.94.52;;325.esenca@solidaris.be;www.esenca.be
Esenca – Wallonie picarde;;DECRET 2003;1;AVENUE DES NOUVELLES TECHNOLOGIES  24;7080;FRAMERIES;068/84.82.70;;esenca.315@solidaris.be ;www.esenca.be
Espace citoyen du C.T.L. 10;;DECRET 2003;1;;7700;MOUSCRON;;;info@24hmouscron.be;www.24hmouscron.be
Espace Environnement;;DECRET 2003;1;RUE DE MONTIGNY  29;6000;CHARLEROI;071/30 03 00;071/30 02 54;info@espace-environnement.be;www.espace-environnement.be
Etopia;;DECRET 2003;1 + 3;AVENUE DE MARLAGNE  52;5000;NAMUR;081/22 58 48;081/23 18 47;info@etopia.be;www.etopia.be
Eyad - La Maison de Turquie;EYAD;DECRET 2003;1;CHAUSSEE DE HAECHT  75;1210;BRUXELLES;02/218 05 07;02/219 10 87;info@eyadasbl.be;www.eyadasbl.be
Faites-le Autrement;;DECRET 2003;1;RUE DE TAISNIERES  53;7080;SARS-LA-BRUYERE;065/95 06 43;;faites-le-autrement@hotmail.com;www.faites-le-autrement.net
Fédération des Amis de la Morale laïque;FAML;DECRET 2003;3;RUE DE LA CROIX DE FER  60-62;1000;BRUXELLES;02/476 92 83;02/476 94 35;info@faml.be;www.faml.be
Fédération des Associations de Parents de l'Enseignement officiel;FAPEO;DECRET 2003;1 + 3;RUE DE BOURGOGNE  48;1190;BRUXELLES;02/527 25 75;02/527 25 70;secretariat@fapeo.be;www.fapeo.be
Fédération des Centres pluralistes de Planning familial;FCPPF;DECRET 2003;3;AVENUE EMILE DE BECO  109;1050;BRUXELLES;02/514 61 03;02/514 61 03;info@fcppf.be;www.fcppf.be
Fédération des Employeurs des Secteurs de l'Education permanente et de la Formation des Adultes;FESEFA;DECRET 2003;Féd. représentative;RUE D'ARENBERG  44;1000;BRUXELLES;02/502 46 73;02/502 64 77;info@fesefa.be;www.fesefa.be
Fédération des Maisons de la Laïcité;FdML;DECRET 2003;1;ROUTE DE LOUVAIN-LA-NEUVE  4;5001;BELGRADE;081/73 82 99;081/73 86 14;info@fdml.be;www.fdml.be
Fédération des Maisons médicales;FMM;DECRET 2003;1 + 3;BOULEVARD DU MIDI  25/5;1000;BRUXELLES;02/514 40 14;02/514 40 04;ep@fmm.be;www.maisonmedicale.org
Fédération francophone des Sourds de Belgique;FFSB;DECRET 2003;1;AVENUE MARNIX  19A/25;1000;BRUXELLES;02/644 69 01;02/644 68 44;info@ffsb.be;www.ffsb.be
Fédération indépendante des Seniors;FIS;DECRET 2003;1;BOULEVARD BAUDOUIN  18;1000;BRUXELLES;02/223 10 00;02/217 82 11;fedindseniors@skynet.be;www.fedindseniors.be
Fédération laïque des Centres de Planning familial;FLCPF;DECRET 2003;1 + 3;RUE DE LA TULIPE  34;1050;BRUXELLES;02/502 82 03;02/503 30 93;flcpf@planningfamilial.net;www.planningfamilial.net
Fédération Luttes Solidarités Travail;LST;DECRET 2003;1;RUE PEPIN  27;5000;NAMUR;081/22 15 12;081/22 63 59;federation@mouvement-LST.org;www.mouvement-lst.org
Femmes épanouies et actives;FEZA;DECRET 2003;1;RUE VOGLER  38;1030;BRUXELLES;02/242 36 42;;info@feza-asbl.be;
Financité;;DECRET 2003;"Mouv. (1;3;4)";RUE BOTANIQUE  75;1210;BRUXELLES;02/340 08 60;;info@financite.be;www.financite.be
Fonderie (La);;DECRET 2003;3;RUE RANSFORT  27;1080;BRUXELLES;02/410 10 80;;info@lafonderie.be;www.lafonderie.be
Food First Information and Action Network - Belgium;FIAN;DECRET 2003;1 + 3;RUE VAN ELEWIJCK  35;1050;BRUXELLES;02/640 84 17;;fian@fian.be;www.fian.be
Form'Action André Renard;FAR;DECRET 2003;2 + 3;PLACE SAINT-PAUL  9-11;4000;LIEGE;04/221 96 34;04/223 10 11;info@far.be;www.far.be
Form'Anim;;DECRET 2003;1;RUE DU PAPILLON   45;4100;SERAING;04/338 16 35;04/338 42 53;info@formanim.be;www.formanim.be
Formation Assistance et Soutien aux Travailleur.euse.s;FAST;DECRET 2003;2;BOULEVARD BAUDOUIN  11;1000;BRUXELLES;02/558 51 70;;fast@cgslb.be;www.fast-asbl.be
Formation Education Culture;FEC;DECRET 2003;1 + 2;CHAUSSEE DE HAECHT  579/50;1031;BRUXELLES;02/246 32 56;02/246 30 10;info@fecasbl.be;www.fecasbl.be
Formation Insertion Jeunes;FIJ;DECRET 2003;1;RUE FRANZ GAILLIARD  2;1060;BRUXELLES;02/542 01 50;02/542 01 59;fij@fij.be;www.fij.be
Formation Léon Lesoil;FLL;DECRET 2003;1;AVENUE DE MONTE-CARLO  69;1190;BRUXELLES;;;formationleonlesoil@gmail.com;www.formationleonlesoil.org
Formation pour l'Université ouverte de Charleroi;FUNOC;DECRET 2003;3;AVENUE DES ALLIES  19;6000;CHARLEROI;071/31 15 81;071/33 32 19;funoc@funoc.be;www.funoc.be
Forum universitaire pour la Coopération internationale au Développement;FUCID;DECRET 2003;1 + 3;RUE DE BRUXELLES  61;5000;NAMUR;081/72 50 88;;info@fucid-unamur.be;www.fucid.be
Frères des Hommes;;DECRET 2003;1;RUE RENKIN  2;1030;BRUXELLES;02/512 97 94;02/511 47 61;fdhbel@skynet.be;www.freresdeshommes.org
Garance;;DECRET 2003;1;RUE ROYALE  55;1000;BRUXELLES;02/216 61 16;02/216 31 16;info@garance.be;www.garance.be
Grain (Le) - Atelier de Pédagogie sociale;;DECRET 2003;3;RUE DU MARTEAU  19;1000;BRUXELLES;02/217 94 48;02/217 94 48;info@legrainasbl.org;www.legrainasbl.org
Grignoux (Les);;DECRET 2003;1 + 3;RUE SOEURS DE HASQUE  9;4000;LIEGE;04/222 27 78;04/222 31 78;contact@grignoux.be;www.grignoux.be
Groupe Alpha Gembloux;GAGX;DECRET 2003;1;CHAUSSEE DE CHARLEROI  65/1;5030;GEMBLOUX;081/60 06 09;;alphagembloux@gmail.com;www.alpha-gembloux.be
Groupe d'Action sociale et scolaire;GASS;DECRET 2003;1;DEGRES DES TISSERANDS  33;4000;LIEGE;04/226 84 84;;gass.alpha.edd@gmail.com;
Groupe d'Animation de la Basse-Sambre;GABS;DECRET 2003;1;RUE DES GLACES NATIONALES  142-144;5060;AUVELAIS;071/78 42 71;071/78 77 30;info@gabs.be;www.gabs.be
Groupe de Recherche et d'Action des Cyclistes quotidiens;GRACQ;DECRET 2003;1;RUE DE LONDRES  15;1050;BRUXELLES;02/502 61 30;02/502 61 30;info@gracq.org;www.gracq.org
Groupe de Recherche et d'Information sur la Paix et la Sécurité;GRIP;DECRET 2003;3;MUNDO-MADOU, AVENUE DES ARTS  7-8;1210;BRUXELLES;02/241 80 96;;admi@grip.org;www.grip.org
Groupe de Recherche pour une Stratégie économique alternative;GRESEA;DECRET 2003;1 + 3;RUE ROYALE  11;1000;BRUXELLES;02/219 70 76;02/219 64 86;info@gresea.be;www.gresea.be
Groupe de Réflexion et d'Action pour une Pédagogie progressiste et alternative;GRAPPA;DECRET 2003;1;RUE JARDON  44;4800;VERVIERS;087/35 21 48;087/78 51 59;grappa@skynet.be;www.asblgrappa.be
Groupe de Réflexion et d'Action pour une Politique écologique;GRAPPE;DECRET 2003;1;RUE RAYMOND NOEL  100;5170;BOIS DE VILLERS;081/23 09 69;081/21 29 53;info@grappebelgique.org;www.grappebelgique.org
Groupe socialiste d'Action et de Réflexion sur l'Audiovisuel;GSARA;DECRET 2003 (Mvt);"Mouv. (1;3;4)";RUE DU MARTEAU  26;1210;BRUXELLES;02/218 58 85;02/217 29 02;info@gsara.be;www.gsara.be
Habitants des Images;;DECRET 2003;1;RUE DE L'ASSOCIATION  14;1000;BRUXELLES;;;admin@habitants-des-images.be;www.habitants-des-images.be
Habitat et Participation;;DECRET 2003;1;TRAVERSE D'ESOPE  6;1348;LOUVAIN-LA-NEUVE;010/45 06 04;010/45 65 64;contact@habitat-participation.be;www.habitat-participation.be
Hispano-Belga;;DECRET 2003;1;CHAUSSEE DE FOREST  244-246;1060;BRUXELLES;02/539 19 39;;accueil.hb@hispano-belga.be;www.hispano-belga.be
Humundi;;DECRET 2003;1;RUE AUX LAINES  4;1000;BRUXELLES;02/548 06 70;;info@humundi.org;www.humundi.org
Iles de Paix;;DECRET 2003;3;RUE DU MARCHE  37;4500;HUY;085/23 02 54;;info@ilesdepaix.org;www.ilesdepaix.org
Inclusion;;DECRET 2003;1 + 4;RUE COLONEL BOURG  123-125/6;1140;BRUXELLES;02/247 28 19;;secretariat@inclusion-asbl.be;www.inclusion-asbl.be
Infor Famille EP Liège;;DECRET 2003;1;RUE DE PITTEURS  8;4020;LIEGE;04/222 45 86;;educationpermanente.liege@inforfamille.be;www.inforfamille.be
Inqlusion;;DECRET 2003;1;RUE MARCHE AU CHARBON  42;1000;BRUXELLES;02/503 59 90;02/503 59 90;info@rainbowhouse.be;www.rainbowhouse.be
Institut de Recherche, de Formation et d'Action sur les Migrations;IRFAM;DECRET 2003;3;RUE AGIMONT  17;4000;LIEGE;04/221 49 89;04/221 49 87;info@irfam.org;www.irfam.org
Institut d'Histoire ouvrière, économique et sociale;IHOES;DECRET 2003;1 + 3;AVENUE MONTESQUIEU  3;4101;JEMEPPE-SERAING;04/224 60 70;04/224 60 71;info@ihoes.be;www.ihoes.be
Institut Emile Vandervelde;IEV;DECRET 2003;3;BOULEVARD DE L'EMPEREUR  13;1000;BRUXELLES;02/548 33 18;;iev@iev.be;www.iev.be
Institut kurde de Bruxelles;;DECRET 2003;1;RUE BONNEELS  16;1210;BRUXELLES;02/230 89 30;02/231 00 97;info@kurdishinstitute.be;www.kurdishinstitute.be
Institut libéral de Formation et d'Animation culturelle;ILFAC;DECRET 2003;1;AVENUE DE LA TOISON D'OR  84-86;1060;BRUXELLES;02/500 50 95;02/500 50 96;info@ilfac.be;www.ilfac.be
Inter-Environnement Bruxelles;IEB;DECRET 2003;1 + 3;RUE DU CHIMISTE  34-36;1070;BRUXELLES;02/801 14 80;;info@ieb.be;www.ieb.be
La Pensée et les Hommes;;DECRET 2003;3;AVENUE VICTORIA  5;1000;BRUXELLES;02/640 15 20;02/650 35 04      ;secretariat@lapenseeetleshommes.be;www.lapenseeetleshommes.be
Laïcité Brabant wallon;CAL BW;DECRET 2003;1;RUE LAMBERT FORTUNE  33;1300;WAVRE;010/22 31 91;010/22 72 11;calbw@laicite.net;www.calbw.be
Lézarts urbains;;DECRET 2003;1;RUE DE LA VICTOIRE  102;1060;BRUXELLES;02/538 15 12;02/538 42 43;;www.lezarts-urbains.be
Liages;;DECRET 2003;1 + 4;PLACE SAINT-JEAN  1;1000;BRUXELLES;02/515 02 65;;liages@solidaris.be;www.liages.be
Ligue de l'Enseignement et de l'Education permanente;LEEP;DECRET 2003;2 + 3;RUE DE LA FONTAINE  2;1000;BRUXELLES;02/511 25 87;02/514 26 01;info@ligue-enseignement.be;www.ligue-enseignement.be
Ligue de l'Enseignement et de l'Education permanente  - Mons-Borinage-Centre;LEEP MBC;DECRET 2003;1;RUE DE LA GRANDE TRIPERIE   44;7000;MONS;065/31 90 14;065/31 90 14;leepmonsbor@yahoo.fr;
Ligue des Droits de l'Enfant;;DECRET 2003;1;HUNDERENVELD  705;1082;BRUXELLES;02/465 98 92;;contact@liguedroitsenfant.be;www.liguedroitsenfant.be
Ligue des Droits humains;LDH;DECRET 2003;1 + 3;RUE DU BOULET  22;1000;BRUXELLES;02/209 62 80;02/209 63 80;ldh@liguedh.be;www.liguedh.be
Ligue des Familles (La);;DECRET 2003 (Mvt);"Mouv. (1;3;4)";AVENUE EMILE DE BECO  109;1050;BRUXELLES;02/507 72 11;;info@liguedesfamilles.be;www.laligue.be
Ligue des Usagers des Services de Santé;LUSS;DECRET 2003;1;AVENUE SERGENT VRITHOFF   123;5000;NAMUR;081/74 44 28;081/74 47 25;luss@luss.be;www.luss.be
Lire et Ecrire;;DECRET 2003 (Mvt);"Mouv. (1;2;3;4)";RUE DES VETERINAIRES  42/4 BLOC A;1070;BRUXELLES;02/502 72 01;02/502 85 56;lire-et-ecrire@lire-et-ecrire.be;www.lire-et-ecrire.be
Louvain Coopération;;DECRET 2003;1;AVENUE DU GRAND CORTIL  15A;1348;LOUVAIN-LA-NEUVE;010/39 03 00;;info@louvaincooperation.org;www.louvaincooperation.org
Magasins du Monde - OXFAM (Les);MDM OXFAM;DECRET 2003 (Mvt);"Mouv. (1;3;4)";RUE PROVINCIALE  285;1301;BIERGES;010/43 79 50;010/43 79 69;info@mdmoxfam.be;www.oxfammagasinsdumonde.be
Maison culturelle belgo-roumaine;ARTHIS;DECRET 2003;1;RUE DE FLANDRE  33;1000;BRUXELLES;02/511 34 20;02/511 34 20;info@arthis.org;www.arthis.org
Maison de Quartier d'Helmet;MQH;DECRET 2003;1;SQUARE RIGA  39;1030;BRUXELLES;02/241 03 27;02/245 55 79;info@mqh.be;www.maisondequartierhelmet.be
Média Animation;;DECRET 2003;1 + 3;RUE DE LA FUSEE  62;1130;BRUXELLES;02/242 57 93;02/245 82 80;info@media-animation.be;www.media-animation.be
Mémoire d'Auschwitz;;DECRET 2003;3;RUE AUX LAINES  17/50;1000;BRUXELLES;02/512 79 98;02/512 58 84;info@auschwitz.be;www.auschwitz.be
Miroir vagabond;;DECRET 2003;1 + 4;VIEILLE ROUTE DE MARENNE  2-4;6990;BOURDON;084/31 19 46;;bureau@miroirvagabond.be;www.miroirvagabond.be
Monde des Possibles (Le);;DECRET 2003;1;RUE DES CHAMPS  97;4020;LIEGE;04/232 02 92;04/232 02 92;lemondedespossibles@skynet.be;www.possibles.org
Monde selon les Femmes (Le);;DECRET 2003;2;RUE DE LA SABLONNIERE  18;1000;BRUXELLES;02/223 05 12;02/223 15 12;contact@mondefemmes.org;www.mondefemmes.org
Monty (Le);;DECRET 2003;1;RUE DE CHARLEROI  58;1470;GENAPPE;0492/85 70 72;;info@lemonty.be;www.lemonty.be
Mouvance;;DECRET 2003;1;RUE DU BROECK  10/3.2;1070;BRUXELLES;;;commu@mouvance-asbl.be;www.mouvance-asbl.be
Mouvement contre le Racisme, l'Antisémitisme et la Xénophobie;MRAX;DECRET 2003;1;RUE DE LA POSTE  37;1210;BRUXELLES;02/209 62 50;02/218 23 71;mrax@mrax.be;www.mrax.be
Natagora;;DECRET 2003;1 + 4;TRAVERSE DES MUSES  1;5000;NAMUR;02/893 09 91;;info@natagora.be;www.natagora.be
Nature & Progrès;;DECRET 2003;1 + 3;RUE DE DAVE  520;5100;JAMBES;081/30 36 90;081/31 03 06;info@natpro.be;www.natpro.be
Nature Attitude;;DECRET 2003;1;RUE DE LA COMTESSE ADELE  36;6721;ANLIER;063/42 47 27;;info@natureattitude.be;www.natureattitude.be
Nova;;DECRET 2003;1;RUE D'ARENBERG  14;1000;BRUXELLES;02/511 24 77;02/511 24 77;nova@nova-cinema.org;www.nova-cinema.org
Options - Développement communautaire;;DECRET 2003;1;PLACE DU CHATELET  7A;4960;MALMEDY;080/33 99 37;080/33 93 20;optionsmalmedy@gmail.com;
Organisme régional d'Education à l'Environnement - Orée (L');OREE;DECRET 2003;1;RUE SAINT-GERMAIN  166;4861;SOIRON;0472/78 96 96;;oreeasbl@gmail.com;www.oreeasbl.worldpress.com
Partenariat Intégration Cohabitation de Laeken;PICOL;DECRET 2003;1;BOULEVARD EMILE BOCKSTAEL  160;1020;BRUXELLES;02/675 05 95;;info@picol.be;www.picol.be
Passe Muraille;;DECRET 2003;1 + 4;LOTTO MONS EXPO, HALL A, AVENUE THOMAS EDISON  2;7000;MONS;065/77 03 70;065/77 03 73;info@passe-muraille.be;www.passe-muraille.be
People's Place;;DECRET 2003;1;RUE JEAN-HUBERT CAVENS  49;4960;MALMEDY;080/64 36 93;;info@peoplesplace.be;www.peoplesplace.be
Periferia;;DECRET 2003;1 + 3;RUE DE LA COLONNE  1;1080;BRUXELLES;02/544 07 93;02/411 93 31;contact@periferia.be;www.periferia.be
Petit Théâtre de la Grande Vie (Le);;DECRET 2003;1;RUE DU BONNIER  12;5580;FORZEE;083/61 32 60;;petittheatreforzee@gmail.com;www.lepetittheatredelagrandevie.com/
Peuple et Culture - Wallonie et Bruxelles;PEC W-B;DECRET 2003;1 + 2;RUE DU BEAU MUR  45;4030;LIEGE (Grivegnée);04/368 82 32;;info@peuple-et-culture-wb.be;www.peuple-et-culture-wb.be
Pianocktail (Le);;DECRET 2003;1;RUE HAUTE  304;1000;BRUXELLES;02/218 46 34;;lepianocktail.bruxelles@gmail.com;www.pianocktail.be
Piment (Le);;DECRET 2003;1;RUE DE LA COLONNE  56;1080;BRUXELLES;02/218 27 29;02/219 36 27;courrier@lepiment.org;www.lepiment.org
Pivot (Le) - Promotion communautaire;;DECRET 2003;1;RUE PHILIPPE BAUCQ  163;1040;BRUXELLES;;;lepivot@lepivot.be;www.lepivot.be
Plate-forme francophone du Volontariat;;DECRET 2003;4;PLACE L'ILON  13;5000;NAMUR;02/512 01 12;;info@levolontariat.be;www.levolontariat.be
Poisson sans Bicyclette (Le);;DECRET 2003;1;RUE DU PONT NEUF  4;1000;BRUXELLES;;;lepoissonsansbicyclette@gmail.com;www.lepoissonsansbicyclette.be
Politique;;DECRET 2003;3;RUE DU FAUCON  9;1000;BRUXELLES;02/538 69 96;;info@revuepolitique.be;www.revuepolitique.be
Présence et Action culturelles;PAC;DECRET 2003 (Mvt);"Mouv. (1;2;3;4)";RUE LAMBERT CRICKX  5;1070;BRUXELLES;02/545 79 11;02/545 79 29;info@pac-g.be;www.pac-g.be
Promotion & Culture;P&C;DECRET 2003;1;PLACE SAINT-PAUL  9-11;4000;LIEGE;04/221 95 11;04/223 11 44;info@promotionetculture.be;www.promotionetculture.be/
Qualité Village Wallonie;QVW;DECRET 2003;1;CHAUSSEE D'ARGENTEAU  21;4601;ARGENTEAU;04/379 05 01;04/379 11 53;contact@qvw.be;www.qvw.be
Question Santé;QS;DECRET 2003;3;RUE DU VIADUC  72;1050;BRUXELLES;02/512 41 74;02/512 54 36;info@questionsante.org;www.questionsante.org
Radio Panik;;DECRET 2003;3;RUE SAINT-JOSSE  49;1210;BRUXELLES;02/732 14 45;02/732 14 45;info@radiopanik.org;www.radiopanik.org
Ras El Hanout;;DECRET 2003;1;RUE DU RUISSEAU  17-19;1080;BRUXELLES;0488/01 14 11;;info@ras-el-hanout.be;www.ras-el-hanout.be
Rassemblement bruxellois pour le Droit à l'Habitat;RBDH;DECRET 2003;3;QUAI DU HAINAUT   29;1080;BRUXELLES;02/502 84 63;02/503 49 05;info@rbdh.be;www.rbdh.be
Réalisation Téléformation Animation;RTA;DECRET 2003;3;RUE DES RELIS NAMURWES  1;5000;NAMUR;081/74 67 48;081/74 24 73;info@rta.be;www.rta.be
Rencontre des Continents;;DECRET 2003;1;RUE VAN ELEWIJCK  35;1050;BRUXELLES;02/734 23 24;;;rencontredescontinents.be
Réseau de Collectifs en Recherche de Résilience;RCR2;DECRET 2003;3;PLACE L'ILON  13;5000;NAMUR;0495/79 86 33;;info@asblrcr.be;www.asblrcr.be
Réseau IDée - Information et Diffusion en Education à l'Environnement;;DECRET 2003;3;RUE ROYALE  266;1210;BRUXELLES;02/286 95 70;02/286 95 79;info@reseau-idee.be;www.reseau-idee.be
Réseau wallon de Lutte contre la Pauvreté;RWLP;DECRET 2003;1 + 4;RUE MARIE-HENRIETTE  12;5000;NAMUR;081/31 21 17;;bureau@rwlp.be;www.rwlp.be
Revers;;DECRET 2003;1;RUE MAGHIN  76-78;4000;LIEGE;04/227 02 58;02/227 02 97;info@revers.be;www.revers.be
Rue (La);;DECRET 2003;1;RUE RANSFORT  61;1080;BRUXELLES;02/410 33 03;02/410 39 85;info@larueasbl.be;www.larueasbl.be
ScriptaLinea - Collectifs d'Ecrits;;DECRET 2003;1;CHAUSSEE DE WAVRE  205;1050;BRUXELLES;02/688 46 90;;info@scriptalinea.org;www.scriptalinea.org
Service d'Intégration et d'Insertion - Missions Actions;SIMA;DECRET 2003;1;RUE BRIALMONT  21;1210;BRUXELLES;02/219 45 98;02/218 38 68;sima.asbl@skynet.be;www.simaasbl.be
Service international de Recherche, d'Education et d'Action sociale;SIREAS;DECRET 2003;1 + 3;RUE DU BOULET  26;1000;BRUXELLES;02/274 15 51;02/274 15 58;sireas@sireas.be;www.sireas.be
Service pour la Transformation, l'Innovation et le Changement social;STICS;DECRET 2003;2;BOULEVARD LAMBERMONT  32;1030;BRUXELLES;02/414 23 04;;stics@stics.be;www.stics.be
Silex (Le);;DECRET 2003;1;RUE VOOT  82;1200;BRUXELLES;02/762 40 09;02/779 15 75;info@lesilex.be;www.lesilex.be
Sofélia;;DECRET 2003;4;PLACE SAINT-JEAN  1/2;1000;BRUXELLES;02/515 17 68;;sofelia@solidaris.be;www.sofelia.be
Solidarité des Alternatives wallonnes et bruxelloises;SAW-B;DECRET 2003;1 + 3;RUE MONCEAU FONTAINE  42/6;6031;MONCEAU-SUR-SAMBRE;071/53 28 30;071/53 28 31;info@saw-b.be;www.saw-b.be
Solidarité Femmes et Refuge pour Femmes Victimes de Violences;;DECRET 2003;1;RUE DE L'OLIVE  43;7100;LA LOUVIERE;064/21 33 03;064/28 02 41;solidaritefemmes@skynet.be;www.solidarite-femmes.be
Solidarités nouvelles;;DECRET 2003;1;BOULEVARD. J. BERTRAND  8;6000;CHARLEROI;071/30 36 77;071/30 69 50;sn.secretariat@skynet.be;www.solidaritesnouvelles.org
Soralia;;DECRET 2003 (Mvt);"Mouv. (1;3;4)";PLACE  SAINT-JEAN  1/2;1000;BRUXELLES;02/515 04 01;;soralia@solidaris.be;www.soralia.be
Source;;DECRET 2003;1;RUE DE LA SENNE  78;1000;BRUXELLES;02/512 71 75;;info@sourceasbl.be;www.sourceasbl.be
Spirale (La) - Centre des Métiers d'Art;;DECRET 2003;1;CHAUSSEE DE NAMUR  22;5360;NATOYE;083/69 07 90;;contact@laspirale.be;www.laspirale.be
Syndicat des Locataires;;DECRET 2003;1;SQUARE ALBERT Ier  32;1070;BRUXELLES;02/522 98 69;02/524 18 16;syndicatdeslocataires@gmail.com;syndicatdeslocataires.wordpress.com/
Télévision du Monde;;DECRET 2003;3;RUE DE BRUXELLES  36;5000;NAMUR;081/45 46 68;;tdm@televisiondumonde.be;www.televisiondumonde.be
Tels quels;;DECRET 2003;1;PLACE DE LA LIBERTE  4;1000;BRUXELLES;02/512 45 87;02/511 31 48;info@telsquels.be;telsquels.be
Terre;;DECRET 2003;1;RUE DE MILMORT  690;4040;HERSTAL;04/240 58 58;;info@groupeterre.org;www.terre.be
Terre-en-vue;;DECRET 2003;1;CHAUSSEE DE WAVRE  37;5030;GEMBLOUX;0483/49 22 56;;info@terre-en-vue.be;www.terre-en-vue.be
Territoires de la Mémoire (Les);;DECRET 2003;1 + 3;BOULEVARD DE LA SAUVENIERE  33-35;4000;LIEGE;04/232 70 64;04/232 70 65;accueil@territoires-memoire.be;www.territoires-memoire.be
Théâtre de la Parole;;DECRET 2003;3;RUE DU ROUGE-CLOÎTRE  7D;1160;BRUXELLES;02/736 69 50;;info@theatredelaparole.be;www.theatredelaparole.be
Troisième Oeil (Le);;DECRET 2003;1;RUE DU MONITEUR  18;1000;BRUXELLES;02/427 75 42;02/427 75 42;troisiemeoeil@gmail.com;www.letroisemeoeil.be
Union des Agricultrices wallonnes;UAW;DECRET 2003;1;CHAUSSEE DE NAMUR  47;5030;GEMBLOUX;081/60 00 60;081/60 04 46;uaw@fwa.be;uniondesagricultriceswallonnes.be/
Union des Progressistes juifs de Belgique;UPJB;DECRET 2003;1;RUE DE LA VICTOIRE  61;1060;BRUXELLES;02/537 82 45;02/534.66.96;info@upjb.be;www.upjb.be
Union francophone des Associations de Parents de l'Enseignement catholique;UFAPEC;DECRET 2003;3;AVENUE DES COMBATTANTS  24;1340;OTTIGNIES;010/42 00 50;010/42 00 59;info@ufapec.be;www.ufapec.be
Université des Femmes;;DECRET 2003;1 + 3;RUE DU MERIDIEN  10;1210;BRUXELLES;02/229 38 25;02/229 38 53;info@universitedesfemmes.be;www.universitedesfemmes.be
Urbagora;;DECRET 2003;3;RUE SAINT-DENIS  10;4000;LIEGE;;;secretariat@urbagora.be;urbagora.be
Vie féminine;VF;DECRET 2003 (Mvt);"Mouv. (1;2;3;4)";RUE DE LA POSTE  111;1030;BRUXELLES;02/227 13 00;02/223 04 42;secretariat-national@viefeminine.be;www.viefeminine.be
Voix de Femmes;;DECRET 2003;1;RUE SAINT-THOMAS  32;4000;LIEGE;04/257 48 14;;contact@voixdefemmes.org;www.voixdefemmes.org
Voix des Femmes (La);;DECRET 2003;1;RUE DE L'ALLIANCE  18;1210;BRUXELLES;02/218 77 87;02/219 60 85;lvdf@lavoixdesfemmes.org;www.lavoixdesfemmes.org
Wolu-Inter-Quartiers;WIQ;DECRET 2003;1;AVENUE DU CAPRICORNE  1A;1200;BRUXELLES;02/762 39 44;02/762 39 44;info@wiq.be;wiq.be
WWF - Belgique;WWF;DECRET 2003;4;BOULEVARD EMILE JACQMAIN  90;1000;BRUXELLES;02/340 09 99;02/340 09 77;events@wwf.be;www.wwf.be
Z - Les Amis d'Esperanzah;;DECRET 2003;4;RUE CELESTIN HASTIR  105;5150;FLOREFFE;081/44 15 18;;info@esperanzah.be;www.esperanzah.be
Zéphyr;;DECRET 2003;1;RUE DU COLLEGE  31;4600;VISE;04/374 31 45;;info@zephyr-formation.be;zephyr-formation.be
Zin TV;;DECRET 2003;1 + 3;CHAUSSEE DE JETTE  407;1090;BRUXELLES;02/318 41 49;;contact@zintv.org;www.zintv.org
